brand,file,products,size_kb
Evotech Performance,Evotech Performance.csv,816,3099
Ilmberger,Ilmberger.csv,719,3123
R&G,R&G.csv,638,1620
Puig,Puig.csv,393,1546
SC Project,SC Project.csv,279,1820
Akrapovic,Akrapovic.csv,252,1476
Alpinestars,Alpinestars.csv,227,2854
LighTech,LighTech.csv,213,737
Fullsix,Fullsix.csv,169,414
Arai,Arai.csv,156,1129
Shoei,Shoei.csv,136,768
CNC Racing,CNC Racing.csv,134,473
Arrow,Arrow.csv,126,534
IXON,IXON.csv,113,834
Yoshimura,Yoshimura.csv,105,616
Rukka,Rukka.csv,93,687
AGV,AGV.csv,91,878
Mivv,Mivv.csv,88,466
Held,Held.csv,86,633
Berik,Berik.csv,85,978
BMW,BMW.csv,84,565
Nolan,Nolan.csv,82,1005
StompGrip,StompGrip.csv,81,458
Kawasaki,Kawasaki.csv,81,514
Tappezzeria,Tappezzeria.csv,80,621
Buese,Buese.csv,77,642
Revit,Revit.csv,75,546
Suomy,Suomy.csv,75,625
Shark,Shark.csv,74,420
SP Connect,SP Connect.csv,73,452
Ducati,Ducati.csv,71,483
Rizoma,Rizoma.csv,65,319
Scorpion,Scorpion.csv,62,757
LeoVince,LeoVince.csv,61,319
Icon,Icon.csv,57,430
T-Rex,T-Rex.csv,57,240
Ixil,Ixil.csv,56,294
Gaerne,Gaerne.csv,54,386
Caberg,Caberg.csv,54,377
TCX,TCX.csv,52,381
Motocomposites,Motocomposites.csv,52,151
LS2,LS2.csv,51,369
DNA,DNA.csv,51,235
HJC,HJC.csv,50,383
Eazi-Grip,Eazi-Grip.csv,46,177
SCD,SCD.csv,46,199
Sena,Sena.csv,45,323
RST,RST.csv,45,424
Bell,Bell.csv,45,262
Mystock,Mystock.csv,44,255
Superbikestore,Superbikestore.csv,43,154
New Rage Cycles,New Rage Cycles.csv,42,170
Shima,Shima.csv,42,351
Schuberth,Schuberth.csv,40,180
Graves,Graves.csv,38,191
Ruroc,Ruroc.csv,38,207
Zero Gravity,Zero Gravity.csv,37,136
BMC,BMC.csv,35,124
Austin Racing,Austin Racing.csv,34,160
Racefit,Racefit.csv,34,149
Daytona,Daytona.csv,34,261
Triumph,Triumph.csv,33,285
Brocks,Brocks.csv,33,173
Leatt,Leatt.csv,28,219
Spinning Stickers,Spinning Stickers.csv,28,209
MRA,MRA.csv,27,119
Nexx,Nexx.csv,27,327
GB Racing,GB Racing.csv,26,83
TST,TST.csv,26,140
Airoh,Airoh.csv,23,194
Arlen Ness,Arlen Ness.csv,21,210
Artago,Artago.csv,19,80
DMV,DMV.csv,17,22
Zard,Zard.csv,17,111
Sidi,Sidi.csv,17,171
Kriega,Kriega.csv,16,88
Dominator,Dominator.csv,14,77
Vance & Hines,Vance & Hines.csv,13,56
HP Corse,HP Corse.csv,13,79
CS Racing,CS Racing.csv,13,63
Dainese,Dainese.csv,13,89
Speed and Strength,Speed and Strength.csv,12,82
Sargent,Sargent.csv,11,73
Lazer,Lazer.csv,10,19
MT Helmets,MT Helmets.csv,10,41
Oya,Oya.csv,10,22
XPD,XPD.csv,10,93
OGIO,OGIO.csv,9,43
Termignoni,Termignoni.csv,8,35
SW-Motech,SW-Motech.csv,8,47
Motografix,Motografix.csv,7,27
Wunderlich,Wunderlich.csv,7,67
Oakley,Oakley.csv,6,26
Helite,Helite.csv,6,57
Mustang,Mustang.csv,6,24
SRC,SRC.csv,6,21
Heat-Out,Heat-Out.csv,6,27
Bagster,Bagster.csv,6,43
Oxford,Oxford.csv,5,21
Cortech,Cortech.csv,5,30
Kryptonite,Kryptonite.csv,5,13
K&N,K&N.csv,5,18
Two Brothers,Two Brothers.csv,5,31
Healtech,Healtech.csv,5,18
BT Moto,BT Moto.csv,5,29
Vandemon,Vandemon.csv,4,32
M4,M4.csv,4,15
VStream,VStream.csv,4,19
AMP,AMP.csv,4,11
Lone Rider,Lone Rider.csv,4,27
Joe Rocket,Joe Rocket.csv,3,15
Nelson,Nelson.csv,3,17
ABUS,ABUS.csv,3,18
Merlin,Merlin.csv,3,17
Driven,Driven.csv,3,18
Hotbodies,Hotbodies.csv,3,16
Carbon2Race,Carbon2Race.csv,3,21
Insta360,Insta360.csv,3,19
AVDB,AVDB.csv,3,22
Chigee,Chigee.csv,3,11
DBK,DBK.csv,3,10
American Kargo,American Kargo.csv,2,14
NoNoise,NoNoise.csv,2,12
Forcefield,Forcefield.csv,2,11
GoPro,GoPro.csv,2,8
Competition Werkes,Competition Werkes.csv,2,7
Morimoto,Morimoto.csv,2,8
Biltwell,Biltwell.csv,2,14
Acerbis,Acerbis.csv,2,9
Analog,Analog.csv,2,11
Motodynamic,Motodynamic.csv,2,14
EVS,EVS.csv,2,9
Viking,Viking.csv,2,13
HeliBars,HeliBars.csv,2,10
Hepco & Becker,Hepco & Becker.csv,2,10
Progressive Suspension,Progressive Suspension.csv,2,17
Yowling,Yowling.csv,2,10
Screaming Eagle,Screaming Eagle.csv,2,12
Dynojet,Dynojet.csv,2,12
GIVI,GIVI.csv,2,4
WRS,WRS.csv,2,9
Forma,Forma.csv,2,11
Stylmartin,Stylmartin.csv,2,11
Cobra,Cobra.csv,2,10
Pyramid,Pyramid.csv,2,9
Lextek,Lextek.csv,2,12
MoskoMoto,MoskoMoto.csv,2,15
Beeline,Beeline.csv,2,15
Ducati Spacers,Ducati Spacers.csv,2,10
Bonamici,Bonamici.csv,2,6
Monster,Monster.csv,1,5
Xena,Xena.csv,1,6
Pinlock,Pinlock.csv,1,5
ProGrip,ProGrip.csv,1,2
Dowco,Dowco.csv,1,6
Tour Master,Tour Master.csv,1,5
RS Taichi,RS Taichi.csv,1,9
Milwaukee Twins,Milwaukee Twins.csv,1,5
Afix,Afix.csv,1,7
Bikesplast,Bikesplast.csv,1,7
Diode Dynamics,Diode Dynamics.csv,1,6
Servo Buddy,Servo Buddy.csv,1,3
Autotech,Autotech.csv,1,5
Red Dynamic,Red Dynamic.csv,1,3
Doubletake,Doubletake.csv,1,5
Speedo Angels,Speedo Angels.csv,1,4
DJI,DJI.csv,1,8
Rox,Rox.csv,1,6
AFCSignals,AFCSignals.csv,1,5
Thor,Thor.csv,1,4
Woodcraft,Woodcraft.csv,1,7
Quad Lock,Quad Lock.csv,1,6
Brembo,Brembo.csv,1,9
Mercedes,Mercedes.csv,1,7
GPR,GPR.csv,1,6
Cardo,Cardo.csv,1,7
Jatta Moto,Jatta Moto.csv,1,7
ABS Fairings,ABS Fairings.csv,1,6
Bilt,Bilt.csv,1,12
Sedici,Sedici.csv,1,10
Ohlins,Ohlins.csv,1,6
KT Moto,KT Moto.csv,1,4
Feher,Feher.csv,1,7
Tarazon,Tarazon.csv,1,6
Pro Fiber,Pro Fiber.csv,1,6
Phone Rebel,Phone Rebel.csv,1,5
Saddlemen,Saddlemen.csv,1,6
Toce,Toce.csv,1,8
S&S,S&S.csv,1,10
Lanqian,Lanqian.csv,1,5
Fox Racing,Fox Racing.csv,1,7
PSLER,PSLER.csv,1,11
Powerbronze,Powerbronze.csv,1,3
Matt Gecko Leds,Matt Gecko Leds.csv,1,5
Valtermoto,Valtermoto.csv,1,4
Futurismoto,Futurismoto.csv,1,6
