migration_key,source_shopify_handle,name,source_title,slug,description,source_description_html,description_plain_text,price,compare_at_price,available_on,status,brand,weight,weight_unit,meta_title,meta_description,verified_feature_summary,title_change_reason,title_confidence,requires_review,primary_taxon_path,category_confidence,category_reason,variants,variant_skus,variant_count,images,image_count,image_alt_texts,tags,tag_count,story_title,story_introduction,story_module_design,story_module_experience,story_module_feature_focus,story_module_use_case,story_module_buyer_note,story_module_closing,story_eligible,story_editorial_status,story_media_refs,story_media_count,redirect_required,redirect_from,redirect_to
wunderlich-engine-guard-for-bmw-r-1300-gs,wunderlich-engine-guard-for-bmw-r-1300-gs,Wunderlich Engine Guard for BMW R 1300 GS,Wunderlich Engine Guard for BMW R 1300 GS,wunderlich-engine-guard-for-bmw-r-1300-gs,"Features and Benefits of the Wunderlich Engine Guard ULTIMATE • Black, high-quality engine guard designed in the Wunderlich Tool Design. • Optimal structural and functional integration - expanded lateral protection area compared to the original silver engine guard. • Provides comprehensive, maximum protection for the engine housing, oil pan, and exhaust headers. • Close-fitting design with minimal surface exposure, perfectly accentuating the edge design and adventure look. Available in multiple sizes and/or colours — select your variant.","<p><strong>Features and Benefits of the Wunderlich Engine Guard ULTIMATE</strong></p>
<ul>
<li>Black, high-quality engine guard designed in the Wunderlich Tool Design</li>
<li>Optimal structural and functional integration - expanded lateral protection area compared to the original silver engine guard</li>
<li>Provides comprehensive, maximum protection for the engine housing, oil pan, and exhaust headers</li>
<li>Close-fitting design with minimal surface exposure, perfectly accentuating the edge design and adventure look</li>
<li>Maximum ground and lean angle clearance</li>
<li>The guard’s shape reduces the risk of unpleasant leverage or snagging in off-road conditions</li>
<li>Ventilation openings support cooling</li>
<li>Angled deflector plates significantly reduce the risk of damage from stone impacts and foreign objects</li>
<li>The engine guard reduces thermal stress on the engine by deflecting splash water thrown up by the front wheel</li>
<li>Collected water and spray can drain freely</li>
<li>External forces and moments are absorbed by the mounting elements, which also dampen vibrations</li>
<li>Unrestricted accessibility for maintenance work (e.g., oil drainage)</li>
<li>High component rigidity and mechanical stability with significantly reduced weight</li>
<li>Corrosion-resistant</li>
<li>Easy and secure installation at the designated mounting points of the original engine guard</li>
<li>Includes mounting materials</li>
<li>With Wunderlich brand logo</li>
<li>
<strong>Recommendation:</strong><span> </span>For additional protection of the catalytic converter, we recommend adding our main stand protection plate #13223-002.</li>
</ul>
<p><strong>Technical Specifications</strong></p>
<ul>
<li>Material
<ul>
<li>High-strength aluminium, precisely crafted, powder-coated in black with integrated, vibration-damping fasteners, countersunk screws, high-quality powder coating</li>
</ul>
</li>
<li>Dimensions
<ul>
<li>Width 410 mm</li>
<li>Length 530 mm</li>
<li>Component thickness 3 mm</li>
</ul>
</li>
<li>Colour
<ul>
<li>Black</li>
</ul>
</li>
</ul>
<p><strong>Your Wunderlich Advantages</strong></p>
<ul>
<li>Wunderlich Product. Small series. Handmade.</li>
<li>Wunderlich Design. Functional and integrated.</li>
<li>Made in Germany</li>
<li>Wunderlich 60/5<br>
</li>
</ul>","Features and Benefits of the Wunderlich Engine Guard ULTIMATE

• Black, high-quality engine guard designed in the Wunderlich Tool Design

• Optimal structural and functional integration - expanded lateral protection area compared to the original silver engine guard

• Provides comprehensive, maximum protection for the engine housing, oil pan, and exhaust headers

• Close-fitting design with minimal surface exposure, perfectly accentuating the edge design and adventure look

• Maximum ground and lean angle clearance

• The guard’s shape reduces the risk of unpleasant leverage or snagging in off-road conditions

• Ventilation openings support cooling

• Angled deflector plates significantly reduce the risk of damage from stone impacts and foreign objects

• The engine guard reduces thermal stress on the engine by deflecting splash water thrown up by the front wheel

• Collected water and spray can drain freely

• External forces and moments are absorbed by the mounting elements, which also dampen vibrations

• Unrestricted accessibility for maintenance work (e.g., oil drainage)

• High component rigidity and mechanical stability with significantly reduced weight

• Corrosion-resistant

• Easy and secure installation at the designated mounting points of the original engine guard

• Includes mounting materials

• With Wunderlich brand logo

• 
Recommendation: For additional protection of the catalytic converter, we recommend adding our main stand protection plate #13223-002.

Technical Specifications

• Material

• High-strength aluminium, precisely crafted, powder-coated in black with integrated, vibration-damping fasteners, countersunk screws, high-quality powder coating

• Dimensions

• Width 410 mm

• Length 530 mm

• Component thickness 3 mm

• Colour

• Black

Your Wunderlich Advantages

• Wunderlich Product. Small series. Handmade.

• Wunderlich Design. Functional and integrated.

• Made in Germany

• Wunderlich 60/5",55000,,2026-07-26,active,Wunderlich,4000,g,Buy Wunderlich Engine Guard for BMW R 1300 GS | Mile 27 Store,"Features and Benefits of the Wunderlich Engine Guard ULTIMATE Black, high-quality engine guard designed in the Wunderlich Tool Design. Optimal structural…","Black, high-quality engine guard designed in the Wunderlich Tool Design | Optimal structural and functional integration - expanded lateral protection area compared to the original silver engine guard | Provides comprehensive, maximum protection for the engine housing, oil pan, and exhaust headers | Close-fitting design with minimal surface exposure, perfectly accentuating the edge design and adventure look",Cleaned noise; brand verified,High,false,Motorcycle Accessories > Lever Protectors,High,"Refined by title keyword: ""\b(lever\s+protector|guard)\b""",wunderlich-engine-guard-for-bmw-r-1300-gs-1|Colour:Black|price:55000.00|compare:|weight:4000|barcode:|qty:0 | wunderlich-engine-guard-for-bmw-r-1300-gs-2|Colour:Silver|price:55000.00|compare:|weight:4000|barcode:|qty:0,"wunderlich-engine-guard-for-bmw-r-1300-gs-1,wunderlich-engine-guard-for-bmw-r-1300-gs-2",2,https://cdn.shopify.com/s/files/1/0076/8301/4754/files/13220-002_01c_1500_blank.jpg_800x800_f2aefa0d-8f24-4949-a548-c4d6e7ca14ac.jpg?v=1761131735|pos:1|alt:Wunderlich Wunderlich Engine Guard for BMW R 1300 GS – front view || https://cdn.shopify.com/s/files/1/0076/8301/4754/files/13220-002_02c_1500_blank.jpg_800x800_2fe0113c-0b91-4af7-9b04-f03295cc6f44.jpg?v=1761131736|pos:2|alt:Wunderlich Wunderlich Engine Guard for BMW R 1300 GS – side view || https://cdn.shopify.com/s/files/1/0076/8301/4754/files/13220-000_01_1500_blank.jpg_800x800_e861d077-ad7c-4d0c-aa37-dc8d9442dd0d.jpg?v=1761131735|pos:3|alt:Wunderlich Wunderlich Engine Guard for BMW R 1300 GS – rear view,3,Wunderlich Wunderlich Engine Guard for BMW R 1300 GS – front view | Wunderlich Wunderlich Engine Guard for BMW R 1300 GS – side view | Wunderlich Wunderlich Engine Guard for BMW R 1300 GS – rear view,,0,Wunderlich Engine Guard for BMW R 1300 GS,"Wunderlich Engine Guard for BMW R 1300 GS. Features and Benefits of the Wunderlich Engine Guard ULTIMATE • Black, high-quality engine guard designed in the Wunderlich Tool Design.",,,"Black, high-quality engine guard designed in the Wunderlich Tool Design. Optimal structural and functional integration - expanded lateral protection area compared to the original silver engine guard. Provides comprehensive, maximum protection for the engine housing, oil pan, and exhaust headers. Close-fitting design with minimal surface exposure, perfectly accentuating the edge design and adventure look.",,Multiple colour options available.,Wunderlich Engine Guard for BMW R 1300 GS — a lever Protector built to the specifications listed above.,true,draft,https://cdn.shopify.com/s/files/1/0076/8301/4754/files/13220-002_01c_1500_blank.jpg_800x800_f2aefa0d-8f24-4949-a548-c4d6e7ca14ac.jpg?v=1761131735|role:hero || https://cdn.shopify.com/s/files/1/0076/8301/4754/files/13220-002_02c_1500_blank.jpg_800x800_2fe0113c-0b91-4af7-9b04-f03295cc6f44.jpg?v=1761131736|role:construction detail || https://cdn.shopify.com/s/files/1/0076/8301/4754/files/13220-000_01_1500_blank.jpg_800x800_e861d077-ad7c-4d0c-aa37-dc8d9442dd0d.jpg?v=1761131735|role:side profile,3,false,/products/wunderlich-engine-guard-for-bmw-r-1300-gs,/products/wunderlich-engine-guard-for-bmw-r-1300-gs
wunderlich-glare-shield-for-cockpit-tft-6-5-inch,wunderlich-glare-shield-for-cockpit-tft-6-5-inch,Wunderlich Glare Shield for Cockpit TFT 6.5 Inch for BMW R 1300 GS,Wunderlich Glare Shield for Cockpit TFT 6.5 Inch for BMW R 1300 GS,wunderlich-glare-shield-for-cockpit-tft-6-5-inch,"Function and Product Features • High-quality, specially developed sun visor for the 6.5-inch TFT cockpit of the BMW Connectivity instrument cluster. • With Shift-Light-Channel SLC for intuitive and quick alignment of vision to the configurable shift light. • Three-sided sun visor – top, right, and left. • Optimal shading of the display under sunlight.","<p><strong>Function and Product Features</strong></p>
<ul>
<li>High-quality, specially developed sun visor for the 6.5-inch TFT cockpit of the BMW Connectivity instrument cluster</li>
<li>With Shift-Light-Channel SLC for intuitive and quick alignment of vision to the configurable shift light</li>
<li>Three-sided sun visor – top, right, and left</li>
<li>Optimal shading of the display under sunlight</li>
<li>Noticeably improves the readability of the display</li>
<li>Coloured throughout and UV-resistant</li>
<li>Simple, quick assembly in seconds</li>
<li>Secure, firm fit through precise, form-fitting, and stable clip system</li>
<li>High fitting accuracy</li>
</ul>
<p><strong>Technical Data</strong></p>
<ul>
<li>
<strong>Material</strong>
<ul>
<li>High-quality, durable ABS material, precisely manufactured, coloured black throughout, UV-resistant</li>
</ul>
</li>
</ul>
<ul>
<li>
<strong>Colour</strong>
<ul>
<li>Black</li>
</ul>
</li>
</ul>
<p><strong>Your Wunderlich Advantages</strong></p>
<ul>
<li>Wunderlich Design. Integrated and functional.</li>
<li>Made by Wunderlich</li>
<li>Made in Germany</li>
</ul>","Function and Product Features

• High-quality, specially developed sun visor for the 6.5-inch TFT cockpit of the BMW Connectivity instrument cluster

• With Shift-Light-Channel SLC for intuitive and quick alignment of vision to the configurable shift light

• Three-sided sun visor – top, right, and left

• Optimal shading of the display under sunlight

• Noticeably improves the readability of the display

• Coloured throughout and UV-resistant

• Simple, quick assembly in seconds

• Secure, firm fit through precise, form-fitting, and stable clip system

• High fitting accuracy

Technical Data

• 
Material

• High-quality, durable ABS material, precisely manufactured, coloured black throughout, UV-resistant

• 
Colour

• Black

Your Wunderlich Advantages

• Wunderlich Design. Integrated and functional.

• Made by Wunderlich

• Made in Germany",10000,,2026-07-26,active,Wunderlich,2000,g,Wunderlich Glare Shield for Cockpit TFT 6.5 Inch for BMW R 130…,"Function and Product Features High-quality, specially developed sun visor for the 6.5-inch TFT cockpit of the BMW Connectivity instrument cluster. With…","High-quality, specially developed sun visor for the 6.5-inch TFT cockpit of the BMW Connectivity instrument cluster | With Shift-Light-Channel SLC for intuitive and quick alignment of vision to the configurable shift light | Three-sided sun visor – top, right, and left | Optimal shading of the display under sunlight",Cleaned noise; brand verified,High,false,Motorcycle Accessories,High,"Mapped from Shopify Type ""Bike Parts""",wunderlich-glare-shield-for-cockpit-tft-6-5-inch-1|Default Title|price:10000.00|compare:|weight:2000|barcode:|qty:0,wunderlich-glare-shield-for-cockpit-tft-6-5-inch-1,1,https://cdn.shopify.com/s/files/1/0076/8301/4754/files/20183-102_01_1500_blank.jpg_800x800_00730fee-ff7f-4fdd-8e03-ede57204de9c.jpg?v=1761131457|pos:1|alt:Wunderlich Wunderlich Glare Shield for Cockpit TFT 6.5 Inch for BMW R 1300 GS – front view || https://cdn.shopify.com/s/files/1/0076/8301/4754/files/21083-102_09b_1500_blank_jpg.jpg?v=1761131457|pos:2|alt:Wunderlich Wunderlich Glare Shield for Cockpit TFT 6.5 Inch for BMW R 1300 GS – side view || https://cdn.shopify.com/s/files/1/0076/8301/4754/files/21083-102_07b_1500_blank_jpg.jpg?v=1761131457|pos:3|alt:Wunderlich Wunderlich Glare Shield for Cockpit TFT 6.5 Inch for BMW R 1300 GS – rear view || https://cdn.shopify.com/s/files/1/0076/8301/4754/files/21083-102_05d_1500_blank_jpg.jpg?v=1761131457|pos:4|alt:Wunderlich Wunderlich Glare Shield for Cockpit TFT 6.5 Inch for BMW R 1300 GS – detail view || https://cdn.shopify.com/s/files/1/0076/8301/4754/files/20183-102_03_1500_blank_jpg.jpg?v=1761131457|pos:5|alt:Wunderlich Wunderlich Glare Shield for Cockpit TFT 6.5 Inch for BMW R 1300 GS – top view,5,Wunderlich Wunderlich Glare Shield for Cockpit TFT 6.5 Inch for BMW R 1300 GS – front view | Wunderlich Wunderlich Glare Shield for Cockpit TFT 6.5 Inch for BMW R 1300 GS – side view | Wunderlich Wunderlich Glare Shield for Cockpit TFT 6.5 Inch for BMW R 1300 GS – rear view | Wunderlich Wunderlich Glare Shield for Cockpit TFT 6.5 Inch for BMW R 1300 GS – detail view | Wunderlich Wunderlich Glare Shield for Cockpit TFT 6.5 Inch for BMW R 1300 GS – top view,,0,Wunderlich Glare Shield for Cockpit TFT 6.5 Inch for BMW R 1300 GS,"Wunderlich Glare Shield for Cockpit TFT 6.5 Inch for BMW R 1300 GS. Function and Product Features • High-quality, specially developed sun visor for the 6.5-inch TFT cockpit of the BMW Connectivity instrument cluster.",,,"High-quality, specially developed sun visor for the 6.5-inch TFT cockpit of the BMW Connectivity instrument cluster. With Shift-Light-Channel SLC for intuitive and quick alignment of vision to the configurable shift light. Three-sided sun visor – top, right, and left. Optimal shading of the display under sunlight.",,,Wunderlich Glare Shield for Cockpit TFT 6.5 Inch for BMW R 1300 GS — a motorcycle Accessory built to the specifications listed above.,true,draft,https://cdn.shopify.com/s/files/1/0076/8301/4754/files/20183-102_01_1500_blank.jpg_800x800_00730fee-ff7f-4fdd-8e03-ede57204de9c.jpg?v=1761131457|role:hero || https://cdn.shopify.com/s/files/1/0076/8301/4754/files/21083-102_09b_1500_blank_jpg.jpg?v=1761131457|role:construction detail || https://cdn.shopify.com/s/files/1/0076/8301/4754/files/21083-102_07b_1500_blank_jpg.jpg?v=1761131457|role:side profile,3,false,/products/wunderlich-glare-shield-for-cockpit-tft-6-5-inch,/products/wunderlich-glare-shield-for-cockpit-tft-6-5-inch
wunderlich-engine-protection-bar-for-bmw-f-900-gsa,wunderlich-engine-protection-bar-for-bmw-f-900-gsa,Wunderlich Engine Protection Bar for BMW F 900 GSA,Wunderlich Engine Protection Bar for BMW F 900 GSA,wunderlich-engine-protection-bar-for-bmw-f-900-gsa,"Wunderlich reinforcement bar for the original engine protection bar • The rear, free end of the Adventure's original engine guard has no support against the frame and thus forms the Achilles heel of the engine guard. • This reinforcement bracket supports the engine protection bar, eliminates this weak point and optimizes the rigidity of the entire pipe assembly. • It prevents the engine guard from giving way and reduces the risk of damage to the clutch or alternator covers - reducing the risk of expensive con…. • Distributes the acting forces and moments to an additional attachment point on the right and left side.","<div class=""product-detail-description-text"">
<h2 class=""product-detail-description-custom-font-size""><span>Wunderlich reinforcement bar for the original engine protection bar</span></h2>
<ul>
<li><span>The rear, free end of the Adventure's original engine guard has no support against the frame and thus forms the Achilles heel of the engine guard</span></li>
<li><span>This reinforcement bracket supports the engine protection bar, eliminates this weak point and optimizes the rigidity of the entire pipe assembly</span></li>
<li><span>It prevents the engine guard from giving way and reduces the risk of damage to the clutch or alternator covers - reducing the risk of expensive consequential damage</span></li>
<li><span>Distributes the acting forces and moments to an additional attachment point on the right and left side</span></li>
<li><span>The additional attachment points serve to reduce force and moment peaks</span></li>
<li><span>The shape of the reinforcement bar also contributes to the elastic reduction of occurring load peaks</span></li>
<li><span>Increases passive safety for machine and driver</span></li>
<li><span>Perfect fit</span></li>
<li><span>Integrated solution from a single source - thanks to the smart connecting element to the original protective bar</span></li>
<li><span>Easy and quick installation</span></li>
</ul>
<p><strong><span>Technical data</span></strong></p>
<ul>
<li>
<strong><span>material</span></strong>
<ul>
<li><span>Stainless steel, precisely processed, glass bead blasted and electropolished</span></li>
</ul>
</li>
<li>
<strong><span>Dimensions</span></strong>
<ul>
<li><span>Pipe diameter 25 mm</span></li>
</ul>
</li>
<li>
<strong><span>Color</span></strong>
<ul>
<li><span>stainless steel colors</span></li>
</ul>
</li>
</ul>
<p><strong><span>Your Wunderlich advantages</span></strong></p>
<ul>
<li><span>Small series. Handmade.</span></li>
<li><span>Wunderlich design. Functional and integrated.</span></li>
<li><span>Made by Wunderlich</span></li>
<li><span>Made in Germany</span></li>
<li>
<span>Wonderful 60/5</span>
<ul>
<li><span>60-day return policy - try it risk-free!</span></li>
<li><span>Plus 5 year warranty.</span></li>
</ul>
</li>
</ul>
<h3 class=""product-detail-description-custom-font-size""><span>These reinforcement bars offer solid extra protection</span></h3>
<p><span>The rear, free end of the Adventure's original engine guard has no support against the frame. This makes it the Achilles heel of the engine guard. In the event of a crash or a fall, it can give way because the forces and torque are not directly transmitted to the frame. This creates a risk of damage to the clutch or alternator covers.</span><br><span>This reinforcement bar, made of high-quality stainless steel, reliably eliminates this shortcoming. It connects the rear, free end of the engine guard to the frame. This means that acting forces are additionally transmitted via the bar to the appropriate point in the frame structure. This measure prevents the engine guard from giving way and reduces the risk of damage to the clutch or alternator covers. It also provides additional rigidity to the entire tube assembly, with its curved shape being designed to elastically absorb any peak loads that occur.</span><br><span>Precisely formed on CNC tube bending machines and cleanly welded, we manufacture the reinforcement from precision stainless steel tubing with a tube diameter of 25 mm. The surfaces are glass bead blasted and electropolished. This allows the reinforcement to blend seamlessly into the design of the original engine guard.</span></p>
</div>","Wunderlich reinforcement bar for the original engine protection bar

• The rear, free end of the Adventure's original engine guard has no support against the frame and thus forms the Achilles heel of the engine guard

• This reinforcement bracket supports the engine protection bar, eliminates this weak point and optimizes the rigidity of the entire pipe assembly

• It prevents the engine guard from giving way and reduces the risk of damage to the clutch or alternator covers - reducing the risk of expensive consequential damage

• Distributes the acting forces and moments to an additional attachment point on the right and left side

• The additional attachment points serve to reduce force and moment peaks

• The shape of the reinforcement bar also contributes to the elastic reduction of occurring load peaks

• Increases passive safety for machine and driver

• Perfect fit

• Integrated solution from a single source - thanks to the smart connecting element to the original protective bar

• Easy and quick installation

Technical data

• 
material

• Stainless steel, precisely processed, glass bead blasted and electropolished

• 
Dimensions

• Pipe diameter 25 mm

• 
Color

• stainless steel colors

Your Wunderlich advantages

• Small series. Handmade.

• Wunderlich design. Functional and integrated.

• Made by Wunderlich

• Made in Germany

• 
Wonderful 60/5

• 60-day return policy - try it risk-free!

• Plus 5 year warranty.

These reinforcement bars offer solid extra protection

The rear, free end of the Adventure's original engine guard has no support against the frame. This makes it the Achilles heel of the engine guard. In the event of a crash or a fall, it can give way because the forces and torque are not directly transmitted to the frame. This creates a risk of damage to the clutch or alternator covers.
This reinforcement bar, made of high-quality stainless steel, reliably eliminates this shortcoming. It connects the rear, free end of the engine guard to the frame. This means that acting forces are additionally transmitted via the bar to the appropriate point in the frame structure. This measure prevents the engine guard from giving way and reduces the risk of damage to the clutch or alternator covers. It also provides additional rigidity to the entire tube assembly, with its curved shape being designed to elastically absorb any peak loads that occur.
Precisely formed on CNC tube bending machines and cleanly welded, we manufacture the reinforcement from precision stainless steel tubing with a tube diameter of 25 mm. The surfaces are glass bead blasted and electropolished. This allows the reinforcement to blend seamlessly into the design of the original engine guard.",37000,,2026-07-26,active,Wunderlich,6000,g,Wunderlich Engine Protection Bar for BMW F 900 GSA | Mile 27 S…,"Wunderlich reinforcement bar for the original engine protection bar The rear, free end of the Adventure's original engine guard has no support against the…","The rear, free end of the Adventure's original engine guard has no support against the frame and thus forms the Achilles heel of the engine guard | This reinforcement bracket supports the engine protection bar, eliminates this weak point and optimizes the rigidity of the entire pipe assembly | It prevents the engine guard from giving way and reduces the risk of damage to the clutch or alternator covers - reducing the risk of expensive con… | Distributes the acting forces and moments to an additional attachment point on the right and left side",Cleaned noise; brand verified,High,false,Motorcycle Accessories,High,"Mapped from Shopify Type ""Bike Parts""",wunderlich-engine-protection-bar-for-bmw-f-900-gsa-1|Default Title|price:37000.00|compare:|weight:6000|barcode:|qty:0,wunderlich-engine-protection-bar-for-bmw-f-900-gsa-1,1,https://cdn.shopify.com/s/files/1/0076/8301/4754/files/41875-100_03_1500_f900gs-adventure_jpg.jpg?v=1748931308|pos:1|alt:Wunderlich Wunderlich Engine Protection Bar for BMW F 900 GSA – front view || https://cdn.shopify.com/s/files/1/0076/8301/4754/files/41875-100_02_1500_f900gs-adventure_jpg.jpg?v=1748931309|pos:2|alt:Wunderlich Wunderlich Engine Protection Bar for BMW F 900 GSA – side view || https://cdn.shopify.com/s/files/1/0076/8301/4754/files/41875-100_04_1500_f900gs-adventure_jpg.jpg?v=1748931309|pos:3|alt:Wunderlich Wunderlich Engine Protection Bar for BMW F 900 GSA – rear view || https://cdn.shopify.com/s/files/1/0076/8301/4754/files/41875-100_01_1500_blank_jpg.jpg?v=1748931308|pos:4|alt:Wunderlich Wunderlich Engine Protection Bar for BMW F 900 GSA – detail view || https://cdn.shopify.com/s/files/1/0076/8301/4754/files/41875-100_3b_1500_blank_jpg.jpg?v=1748931308|pos:5|alt:Wunderlich Wunderlich Engine Protection Bar for BMW F 900 GSA – top view,5,Wunderlich Wunderlich Engine Protection Bar for BMW F 900 GSA – front view | Wunderlich Wunderlich Engine Protection Bar for BMW F 900 GSA – side view | Wunderlich Wunderlich Engine Protection Bar for BMW F 900 GSA – rear view | Wunderlich Wunderlich Engine Protection Bar for BMW F 900 GSA – detail view | Wunderlich Wunderlich Engine Protection Bar for BMW F 900 GSA – top view,,0,Wunderlich Engine Protection Bar for BMW F 900 GSA,"Wunderlich Engine Protection Bar for BMW F 900 GSA. Wunderlich reinforcement bar for the original engine protection bar • The rear, free end of the Adventure's original engine guard has no support.",,,"The rear, free end of the Adventure's original engine guard has no support against the frame and thus forms the Achilles heel of the engine guard. This reinforcement bracket supports the engine protection bar, eliminates this weak point and optimizes the rigidity of the entire pipe assembly. It prevents the engine guard from giving way and reduces the risk of damage to the clutch or alternator covers - reducing the risk of expensive con…. Distributes the acting forces and moments to an additional attachment point on the right and left side.",,,Wunderlich Engine Protection Bar for BMW F 900 GSA — a motorcycle Accessory built to the specifications listed above.,true,draft,https://cdn.shopify.com/s/files/1/0076/8301/4754/files/41875-100_03_1500_f900gs-adventure_jpg.jpg?v=1748931308|role:hero || https://cdn.shopify.com/s/files/1/0076/8301/4754/files/41875-100_02_1500_f900gs-adventure_jpg.jpg?v=1748931309|role:construction detail || https://cdn.shopify.com/s/files/1/0076/8301/4754/files/41875-100_04_1500_f900gs-adventure_jpg.jpg?v=1748931309|role:side profile,3,false,/products/wunderlich-engine-protection-bar-for-bmw-f-900-gsa,/products/wunderlich-engine-protection-bar-for-bmw-f-900-gsa
wunderlich-tank-protection-bar-for-bmw-f-900-gsa,wunderlich-tank-protection-bar-for-bmw-f-900-gsa,Wunderlich Tank Protection Bar for BMW F 900 GSA,Wunderlich Tank Protection Bar for BMW F 900 GSA,wunderlich-tank-protection-bar-for-bmw-f-900-gsa,"ULTIMATE tank guards are designed without compromise for protection during adventure riding • Optimally protects the exposed tank, side panels, stem and water cooler. • In combination with the original engine protection bar, the tank protection bar forms a comprehensive protection concept. • Perfect, model-specific fit. • Integrated, model-specific design - the shape of the bar is precisely matched to the contour of the stem.","<p><strong><span>Function and product features</span></strong></p>
<ul>
<li><span>Wunderlich ULTIMATE tank guards are uncompromisingly designed for protection during adventure riding</span></li>
<li><span>Optimally protects the exposed tank, side panels, stem and water cooler</span></li>
<li><span>In combination with the original engine protection bar, the tank protection bar forms a comprehensive protection concept</span></li>
<li><span>Perfect, model-specific fit</span></li>
<li><span>Integrated, model-specific design - the shape of the bar is precisely matched to the contour of the stem</span></li>
<li><span>Maximum protection thanks to the rigid tubular construction and selected materials</span></li>
<li><span>Reduction of force and moment peaks through even distribution across multiple mounting points per vehicle side</span></li>
<li><span>Well-thought-out all-round protection concept to optimize passive safety</span></li>
<li><span>High-quality workmanship and use of the best materials</span></li>
<li><span>Reduces the risk of costly damage</span></li>
<li><span>Easy installation Plug &amp; Play: uncomplicated installation on existing connection points, including detailed installation instructions</span></li>
</ul>
<p><strong><span>Technical data</span></strong></p>
<ul>
<li>
<strong><span>material</span></strong>
<ul>
<li><span>Precision stainless steel tube with high tensile strength and elongation at break, carefully handcrafted, radii precisely formed on CNC tube bending machines and then welded with a clean seam pattern, clean finish</span></li>
</ul>
</li>
<li>
<strong><span>Dimensions</span></strong>
<ul>
<li><span>Pipe diameter 25 millimeters (main pipe)</span></li>
</ul>
</li>
<li>
<strong><span>Color</span></strong>
<ul>
<li><span>stainless steel colors</span></li>
</ul>
</li>
</ul>
<p><strong><span>Your Wunderlich advantages</span></strong></p>
<ul>
<li><span>Wunderlich premium product.</span></li>
<li><span>Small series. Handmade.</span></li>
<li><span>Wunderlich design. Functional and integrated.</span></li>
<li><span>Made in Europe</span></li>
<li>
<span>Wonderful 60/5</span>
<ul>
<li><span>60-day return policy - try it risk-free!</span></li>
<li><span>5-year warranty</span></li>
</ul>
</li>
</ul>
<h2 class=""product-detail-description-custom-font-size""><span>ULTIMATE tank guards are designed without compromise for protection during adventure riding</span></h2>
<p><span>World-traveling adventure riders know this: There are those days when the motorcycle falls to the side more than once because the conditions are unimaginable in sophisticated and civilized Europe with its well-developed road network. Or because the physical exertion, heat, or cold simply leaves you with no strength or stamina to hold the bike. Beyond civilization, it is therefore all the more important to travel with reliable equipment that can ""handle"" the associated material stress and simply endure it without failing. After all, it can be vital to remain mobile, constantly on the move, and independent in order to minimize the potential for personal danger.</span><br><span>This Wunderlich ULTIMATE tank protection bar is specially designed for adventure riding and not only reliably protects the tank, but also the fairing, stem, and the vulnerable radiator unit. In conjunction with the original engine guard, it forms a sophisticated all-round protection concept for passive safety: In the event of a crash or a fall, the forces acting on the guard are optimally distributed across the guard structure to the resilient mounting points, thus reducing force and moment peaks. Visually, the guard integrates seamlessly into the design of the motorcycle and underscores its striking appearance. The tank guard is made from a composite of precision-machined stainless steel tubes. The tube segments are formed on CNC tube bending machines for each specific model and then neatly welded.</span><br><span>Our ULTIMATE guards focus on both protective effectiveness and product design. The tank guard protects and enhances your BMW, underscoring its adventure look in a high-quality manner.</span></p>","Function and product features

• Wunderlich ULTIMATE tank guards are uncompromisingly designed for protection during adventure riding

• Optimally protects the exposed tank, side panels, stem and water cooler

• In combination with the original engine protection bar, the tank protection bar forms a comprehensive protection concept

• Perfect, model-specific fit

• Integrated, model-specific design - the shape of the bar is precisely matched to the contour of the stem

• Maximum protection thanks to the rigid tubular construction and selected materials

• Reduction of force and moment peaks through even distribution across multiple mounting points per vehicle side

• Well-thought-out all-round protection concept to optimize passive safety

• High-quality workmanship and use of the best materials

• Reduces the risk of costly damage

• Easy installation Plug & Play: uncomplicated installation on existing connection points, including detailed installation instructions

Technical data

• 
material

• Precision stainless steel tube with high tensile strength and elongation at break, carefully handcrafted, radii precisely formed on CNC tube bending machines and then welded with a clean seam pattern, clean finish

• 
Dimensions

• Pipe diameter 25 millimeters (main pipe)

• 
Color

• stainless steel colors

Your Wunderlich advantages

• Wunderlich premium product.

• Small series. Handmade.

• Wunderlich design. Functional and integrated.

• Made in Europe

• 
Wonderful 60/5

• 60-day return policy - try it risk-free!

• 5-year warranty

ULTIMATE tank guards are designed without compromise for protection during adventure riding

World-traveling adventure riders know this: There are those days when the motorcycle falls to the side more than once because the conditions are unimaginable in sophisticated and civilized Europe with its well-developed road network. Or because the physical exertion, heat, or cold simply leaves you with no strength or stamina to hold the bike. Beyond civilization, it is therefore all the more important to travel with reliable equipment that can ""handle"" the associated material stress and simply endure it without failing. After all, it can be vital to remain mobile, constantly on the move, and independent in order to minimize the potential for personal danger.
This Wunderlich ULTIMATE tank protection bar is specially designed for adventure riding and not only reliably protects the tank, but also the fairing, stem, and the vulnerable radiator unit. In conjunction with the original engine guard, it forms a sophisticated all-round protection concept for passive safety: In the event of a crash or a fall, the forces acting on the guard are optimally distributed across the guard structure to the resilient mounting points, thus reducing force and moment peaks. Visually, the guard integrates seamlessly into the design of the motorcycle and underscores its striking appearance. The tank guard is made from a composite of precision-machined stainless steel tubes. The tube segments are formed on CNC tube bending machines for each specific model and then neatly welded.
Our ULTIMATE guards focus on both protective effectiveness and product design. The tank guard protects and enhances your BMW, underscoring its adventure look in a high-quality manner.",65000,,2026-07-26,active,Wunderlich,7000,g,Wunderlich Tank Protection Bar for BMW F 900 GSA | Mile 27 Store,"ULTIMATE tank guards are designed without compromise for protection during adventure riding Optimally protects the exposed tank, side panels, stem and…","Optimally protects the exposed tank, side panels, stem and water cooler | In combination with the original engine protection bar, the tank protection bar forms a comprehensive protection concept | Perfect, model-specific fit | Integrated, model-specific design - the shape of the bar is precisely matched to the contour of the stem",Cleaned noise; brand verified,High,false,Motorcycle Accessories,High,"Mapped from Shopify Type ""Bike Parts""",wunderlich-tank-protection-bar-for-bmw-f-900-gsa-1|Default Title|price:65000.00|compare:|weight:7000|barcode:|qty:0,wunderlich-tank-protection-bar-for-bmw-f-900-gsa-1,1,https://cdn.shopify.com/s/files/1/0076/8301/4754/files/41583-000_01_1500_blank_jpg.jpg?v=1748931088|pos:1|alt:Wunderlich Wunderlich Tank Protection Bar for BMW F 900 GSA – front view || https://cdn.shopify.com/s/files/1/0076/8301/4754/files/41583-000_02_1500_blank_jpg.jpg?v=1748931088|pos:2|alt:Wunderlich Wunderlich Tank Protection Bar for BMW F 900 GSA – side view || https://cdn.shopify.com/s/files/1/0076/8301/4754/files/41583-000_03_1500_blank_jpg.jpg?v=1748931089|pos:3|alt:Wunderlich Wunderlich Tank Protection Bar for BMW F 900 GSA – rear view || https://cdn.shopify.com/s/files/1/0076/8301/4754/files/41583-000_06_1500_blank_jpg.jpg?v=1748931088|pos:4|alt:Wunderlich Wunderlich Tank Protection Bar for BMW F 900 GSA – detail view,4,Wunderlich Wunderlich Tank Protection Bar for BMW F 900 GSA – front view | Wunderlich Wunderlich Tank Protection Bar for BMW F 900 GSA – side view | Wunderlich Wunderlich Tank Protection Bar for BMW F 900 GSA – rear view | Wunderlich Wunderlich Tank Protection Bar for BMW F 900 GSA – detail view,,0,Wunderlich Tank Protection Bar for BMW F 900 GSA,"Wunderlich Tank Protection Bar for BMW F 900 GSA. ULTIMATE tank guards are designed without compromise for protection during adventure riding • Optimally protects the exposed tank, side panels, stem and water cooler.",,"Perfect, model-specific fit.","Optimally protects the exposed tank, side panels, stem and water cooler. In combination with the original engine protection bar, the tank protection bar forms a comprehensive protection concept. Integrated, model-specific design - the shape of the bar is precisely matched to the contour of the stem.",,,Wunderlich Tank Protection Bar for BMW F 900 GSA — a motorcycle Accessory built to the specifications listed above.,true,draft,https://cdn.shopify.com/s/files/1/0076/8301/4754/files/41583-000_01_1500_blank_jpg.jpg?v=1748931088|role:hero || https://cdn.shopify.com/s/files/1/0076/8301/4754/files/41583-000_02_1500_blank_jpg.jpg?v=1748931088|role:construction detail || https://cdn.shopify.com/s/files/1/0076/8301/4754/files/41583-000_03_1500_blank_jpg.jpg?v=1748931089|role:side profile,3,false,/products/wunderlich-tank-protection-bar-for-bmw-f-900-gsa,/products/wunderlich-tank-protection-bar-for-bmw-f-900-gsa
wunderlich-engine-protection-bar-ultimate-pro-for-bmw-r-1300-gs,wunderlich-engine-protection-bar-ultimate-pro-for-bmw-r-1300-gs,Wunderlich Engine Protection Bar Ultimate Pro for BMW R 1300 GS,Wunderlich Engine Protection Bar Ultimate Pro for BMW R 1300 GS,wunderlich-engine-protection-bar-ultimate-pro-for-bmw-r-1300-gs,"Bikes are often designed so that – when an engine protection bar is installed – the footrest and the bar make contact with the ground… • which extends protection to the cylinder head and valve cover. • and whose tool-style design clearly emphasises the adventure look. • Maximum protection through additional structural reinforcement that significantly increases bar stiffness. • Perfect protection of cylinders, valve covers and both lambda sensors reduces the risk of costly motorcycle damage. Available in multiple sizes and/or colours — select your variant.","<p><strong>Function and product features</strong></p>
<ul>
<li>Wunderlich ULTIMATE engine protection bars are uncompromisingly designed to deliver optimal protection for adventure riding</li>
<li>The ULTIMATE PRO features, compared to the ULTIMATE bar, an additional, robustly built PROtection plate</li>
<li>which extends protection to the cylinder head and valve cover</li>
<li>and whose tool-style design clearly emphasises the adventure look</li>
<li>Maximum protection through additional structural reinforcement that significantly increases bar stiffness</li>
<li>Perfect protection of cylinders, valve covers and both lambda sensors reduces the risk of costly motorcycle damage</li>
<li>Even distribution of forces across four mounting points per vehicle side</li>
<li>Bar routing is precisely aligned with the contour of the boxer engine</li>
<li>No impairment of ground clearance</li>
<li>Cut-outs allow splash water or river water to drain freely during crossings</li>
<li>Maintenance-friendly: oil change with filter cartridge possible without removing the bar</li>
<li>Plug &amp; Play fit: easy installation including detailed fitting instructions</li>
</ul>
<p><strong>Compatibility note</strong></p>
<ul>
<li>Also compatible with:</li>
<li>the original BMW cylinder head cover protector</li>
<li>and the original Option 719 milled ignition coil cover</li>
</ul>
<p><strong>Additional note</strong></p>
<ul>
<li>Also compatible with the original BMW cylinder head cover protector</li>
</ul>
<p><strong>Note and our recommendation</strong></p>
<blockquote>
<p>Bikes are often designed so that – when an engine protection bar is installed – the footrest and the bar make contact with the ground at nearly the same lean angle, which is generally safe in terms of tyre grip. It’s important to note that factors like bike load or hitting a dip or pothole may reduce the available lean angle.</p>
<p>For riders who want greater margin before making contact with the road, we have developed our<span> </span><strong>lean angle indicators</strong>, which can be easily mounted on the outer side of the<span> </span><strong>original Enduro footrests (#13515-200), Option 719 footrests (#13515-302) or standard footrests (#13515-100)</strong>.</p>
</blockquote>
<p><strong>Technical data</strong></p>
<ul>
<li>
<strong>Material</strong>
<ul>
<li>High-quality precision steel with excellent tensile strength and elongation, carefully handcrafted, precisely shaped bends, clean weld seams, and accurate joints, powder-coated</li>
</ul>
</li>
<li>
<strong>Dimensions</strong>
<ul>
<li>Tubing diameter: 25 mm</li>
<li>PROtection plate thickness: 3 mm</li>
</ul>
</li>
<li>
<strong>Weight</strong>
<ul>
<li>5.5 kg</li>
</ul>
</li>
<li>
<strong>Colour</strong>
<ul>
<li>Black</li>
</ul>
</li>
</ul>
<p><strong>Your Wunderlich advantages</strong></p>
<ul>
<li>Wunderlich premium product. Small batches. Handcrafted.</li>
<li>Wunderlich design. Integrated and functional.</li>
<li>Made in Germany</li>
</ul>","Function and product features

• Wunderlich ULTIMATE engine protection bars are uncompromisingly designed to deliver optimal protection for adventure riding

• The ULTIMATE PRO features, compared to the ULTIMATE bar, an additional, robustly built PROtection plate

• which extends protection to the cylinder head and valve cover

• and whose tool-style design clearly emphasises the adventure look

• Maximum protection through additional structural reinforcement that significantly increases bar stiffness

• Perfect protection of cylinders, valve covers and both lambda sensors reduces the risk of costly motorcycle damage

• Even distribution of forces across four mounting points per vehicle side

• Bar routing is precisely aligned with the contour of the boxer engine

• No impairment of ground clearance

• Cut-outs allow splash water or river water to drain freely during crossings

• Maintenance-friendly: oil change with filter cartridge possible without removing the bar

• Plug & Play fit: easy installation including detailed fitting instructions

Compatibility note

• Also compatible with:

• the original BMW cylinder head cover protector

• and the original Option 719 milled ignition coil cover

Additional note

• Also compatible with the original BMW cylinder head cover protector

Note and our recommendation

Bikes are often designed so that – when an engine protection bar is installed – the footrest and the bar make contact with the ground at nearly the same lean angle, which is generally safe in terms of tyre grip. It’s important to note that factors like bike load or hitting a dip or pothole may reduce the available lean angle.

For riders who want greater margin before making contact with the road, we have developed our lean angle indicators, which can be easily mounted on the outer side of the original Enduro footrests (#13515-200), Option 719 footrests (#13515-302) or standard footrests (#13515-100).

Technical data

• 
Material

• High-quality precision steel with excellent tensile strength and elongation, carefully handcrafted, precisely shaped bends, clean weld seams, and accurate joints, powder-coated

• 
Dimensions

• Tubing diameter: 25 mm

• PROtection plate thickness: 3 mm

• 
Weight

• 5.5 kg

• 
Colour

• Black

Your Wunderlich advantages

• Wunderlich premium product. Small batches. Handcrafted.

• Wunderlich design. Integrated and functional.

• Made in Germany",85000,,2026-07-26,active,Wunderlich,10000,g,Wunderlich Engine Protection Bar Ultimate Pro for BMW R 1300 G…,Bikes are often designed so that – when an engine protection bar is installed – the footrest and the bar make contact with the ground… which extends…,"which extends protection to the cylinder head and valve cover | and whose tool-style design clearly emphasises the adventure look | Maximum protection through additional structural reinforcement that significantly increases bar stiffness | Perfect protection of cylinders, valve covers and both lambda sensors reduces the risk of costly motorcycle damage",Cleaned noise; brand verified,High,false,Motorcycle Accessories,High,"Mapped from Shopify Type ""Bike Parts""",wunderlich-engine-protection-bar-ultimate-pro-for-bmw-r-1300-gs-1|Colour:Black|price:85000.00|compare:|weight:10000|barcode:|qty:0 | wunderlich-engine-protection-bar-ultimate-pro-for-bmw-r-1300-gs-2|Colour:Silver|price:100000.00|compare:|weight:10000|barcode:|qty:0,"wunderlich-engine-protection-bar-ultimate-pro-for-bmw-r-1300-gs-1,wunderlich-engine-protection-bar-ultimate-pro-for-bmw-r-1300-gs-2",2,https://cdn.shopify.com/s/files/1/0076/8301/4754/files/13200-002_01c_1500_blank_jpg.jpg?v=1777295896|pos:1|alt:Wunderlich Wunderlich Engine Protection Bar Ultimate Pro for BMW R 1300 GS – front view || https://cdn.shopify.com/s/files/1/0076/8301/4754/files/13200-002_07c_1500_blank_jpg.jpg?v=1777295896|pos:2|alt:Wunderlich Wunderlich Engine Protection Bar Ultimate Pro for BMW R 1300 GS – side view || https://cdn.shopify.com/s/files/1/0076/8301/4754/files/13200-002_06c_1500_blank_jpg.jpg?v=1777295896|pos:3|alt:Wunderlich Wunderlich Engine Protection Bar Ultimate Pro for BMW R 1300 GS – rear view || https://cdn.shopify.com/s/files/1/0076/8301/4754/files/13200-002_03c_1500_blank_jpg.jpg?v=1777295896|pos:4|alt:Wunderlich Wunderlich Engine Protection Bar Ultimate Pro for BMW R 1300 GS – detail view || https://cdn.shopify.com/s/files/1/0076/8301/4754/files/13200-002_08c_1500_blank_jpg.jpg?v=1777295896|pos:5|alt:Wunderlich Wunderlich Engine Protection Bar Ultimate Pro for BMW R 1300 GS – top view || https://cdn.shopify.com/s/files/1/0076/8301/4754/files/13200-000_01_1500_blank.jpg_800x800_a1c2c848-47e2-4c68-aae2-8d6836fa734f.jpg?v=1777296093|pos:6|alt:Wunderlich Wunderlich Engine Protection Bar Ultimate Pro for BMW R 1300 GS – product view || https://cdn.shopify.com/s/files/1/0076/8301/4754/files/13200-000_02_1500_blank.jpg_800x800_9098ea74-d4c8-4679-909f-b5d25a3dad19.jpg?v=1777296093|pos:7|alt:Wunderlich Wunderlich Engine Protection Bar Ultimate Pro for BMW R 1300 GS – product view,7,Wunderlich Wunderlich Engine Protection Bar Ultimate Pro for BMW R 1300 GS – front view | Wunderlich Wunderlich Engine Protection Bar Ultimate Pro for BMW R 1300 GS – side view | Wunderlich Wunderlich Engine Protection Bar Ultimate Pro for BMW R 1300 GS – rear view | Wunderlich Wunderlich Engine Protection Bar Ultimate Pro for BMW R 1300 GS – detail view | Wunderlich Wunderlich Engine Protection Bar Ultimate Pro for BMW R 1300 GS – top view | Wunderlich Wunderlich Engine Protection Bar Ultimate Pro for BMW R 1300 GS – product view,,0,Wunderlich Engine Protection Bar Ultimate Pro for BMW R 1300 GS,Wunderlich Engine Protection Bar Ultimate Pro for BMW R 1300 GS. Bikes are often designed so that – when an engine protection bar is installed – the footrest and the bar make contact with the ground… • which extends protection to the cylinder head and valve cover.,,,"which extends protection to the cylinder head and valve cover. and whose tool-style design clearly emphasises the adventure look. Maximum protection through additional structural reinforcement that significantly increases bar stiffness. Perfect protection of cylinders, valve covers and both lambda sensors reduces the risk of costly motorcycle damage.",,Multiple colour options available.,Wunderlich Engine Protection Bar Ultimate Pro for BMW R 1300 GS — a motorcycle Accessory built to the specifications listed above.,true,draft,https://cdn.shopify.com/s/files/1/0076/8301/4754/files/13200-002_01c_1500_blank_jpg.jpg?v=1777295896|role:hero || https://cdn.shopify.com/s/files/1/0076/8301/4754/files/13200-002_07c_1500_blank_jpg.jpg?v=1777295896|role:construction detail || https://cdn.shopify.com/s/files/1/0076/8301/4754/files/13200-002_06c_1500_blank_jpg.jpg?v=1777295896|role:side profile,3,false,/products/wunderlich-engine-protection-bar-ultimate-pro-for-bmw-r-1300-gs,/products/wunderlich-engine-protection-bar-ultimate-pro-for-bmw-r-1300-gs
wunderlich-passenger-seat-aktivkomfort-for-bmw-r-1300-gs,wunderlich-passenger-seat-aktivkomfort-for-bmw-r-1300-gs,Wunderlich Passenger Seat Aktivkomfort for BMW R 1300 GS,Wunderlich Passenger Seat Aktivkomfort for BMW R 1300 GS,wunderlich-passenger-seat-aktivkomfort-for-bmw-r-1300-gs,"Wunderlich AKTIVKOMFORT Passenger Seat in Green-Gold to Match the Tramuntana for the BMW R 1300 GS • AKTIVKOMFORT seat in Green-Gold to match the Tramuntana - Standard seat height for the passenger. • A relaxed and active riding experience also enhances active safety for the passenger. • Ergonomic, specially developed 3-D contour for the passenger to support the natural posture of the pelvis and a comfortable leg position while riding. • Special core construction ensures comfort by preventing seat sagging.","<h2 class=""product-detail-description-custom-font-size"">Wunderlich AKTIVKOMFORT Passenger Seat in Green-Gold to Match the Tramuntana for the BMW R 1300 GS</h2>
<p><strong>Function and Product Features</strong></p>
<ul>
<li>AKTIVKOMFORT seat in Green-Gold to match the Tramuntana - Standard seat height for the passenger</li>
<li>A relaxed and active riding experience also enhances active safety for the passenger</li>
<li>Ergonomic, specially developed 3-D contour for the passenger to support the natural posture of the pelvis and a comfortable leg position while riding</li>
<li>Special core construction ensures comfort by preventing seat sagging</li>
<li>Seat pressure is evenly distributed over a larger area, optimizing weight distribution and reducing specific pressure load</li>
<li>Ergonomically shaped special foam relieves pressure on the coccyx</li>
<li>Ergonomic support contour that provides the passenger with secure hold during braking - particularly in unexpected braking situations</li>
<li>More comfort thanks to<span> </span><strong><span>Thermo</span>Pro Technology</strong>: Our<span> </span><strong><span>Thermo</span>Pro</strong><span> </span>rider and passenger seats maintain a seat surface temperature up to 25°C lower in direct summer sunlight compared to conventional cover material</li>
<li>Sweat-resistant cover material with impressive grip, combined with Alcantara piping</li>
<li>Elegant, contrasting ""Cut"" stitching</li>
<li>Made in Germany</li>
</ul>
<p><strong>Good to know – Wunderlich AKTIVKOMFORT Passenger Seat – firm hold and secure riding feel for the passenger</strong></p>
<p>For a play-free, stable and permanently secure connection of our passenger seats for the BMW R 1300 GS, we have opted for the use of a one-piece base shell. Only the precisely fitting design with fixed positioning of the passenger seat ensures the secure fit our customers expect.</p>
<p><strong>Recommendation</strong></p>
<ul>
<li>We also offer a matching rider seat in Green-Gold (1310x-004) in standard, low, or high seat height</li>
</ul>
<p><strong>Technical Data</strong></p>
<ul>
<li>
<strong>Material / Cover Fabric</strong>
<ul>
<li>With<span> </span><strong><span>Thermo</span>Pro</strong><span> </span>technology</li>
<li>Optimal grip for secure and comfortable hold</li>
<li>Alcantara piping, contrasting ""Cut"" stitching, sweat-resistant</li>
<li>Bonded and welded seams for 100% waterproofing, processed with modern hot-air welding machines</li>
</ul>
</li>
<li>
<strong>Seat Base Material</strong>
<ul>
<li>High-strength base shell from our in-house mould</li>
</ul>
</li>
<li>
<strong>Wunderlich Seat Core</strong>
<ul>
<li>Proven ergonomic Wunderlich 3-D contour specifically designed for the passenger</li>
</ul>
</li>
<li>
<strong>Seat Height</strong>
<ul>
<li>Standard seat height</li>
</ul>
</li>
<li>
<strong>Design / Colour</strong>
<ul>
<li>Style Tramuntana Green-Gold<strong></strong>
</li>
</ul>
</li>
</ul>
<p><strong>Your Wunderlich Advantages</strong></p>
<ul>
<li>Wunderlich premium product. Small series. Handmade.</li>
<li>Wunderlich design. Integrated and functional.</li>
<li>Wunderlich. Riding 365.</li>
<li>ERGO</li>
<li>
<strong><span>Thermo</span>Pro</strong><span> </span>technology</li>
</ul>","Wunderlich AKTIVKOMFORT Passenger Seat in Green-Gold to Match the Tramuntana for the BMW R 1300 GS

Function and Product Features

• AKTIVKOMFORT seat in Green-Gold to match the Tramuntana - Standard seat height for the passenger

• A relaxed and active riding experience also enhances active safety for the passenger

• Ergonomic, specially developed 3-D contour for the passenger to support the natural posture of the pelvis and a comfortable leg position while riding

• Special core construction ensures comfort by preventing seat sagging

• Seat pressure is evenly distributed over a larger area, optimizing weight distribution and reducing specific pressure load

• Ergonomically shaped special foam relieves pressure on the coccyx

• Ergonomic support contour that provides the passenger with secure hold during braking - particularly in unexpected braking situations

• More comfort thanks to ThermoPro Technology: Our ThermoPro rider and passenger seats maintain a seat surface temperature up to 25°C lower in direct summer sunlight compared to conventional cover material

• Sweat-resistant cover material with impressive grip, combined with Alcantara piping

• Elegant, contrasting ""Cut"" stitching

• Made in Germany

Good to know – Wunderlich AKTIVKOMFORT Passenger Seat – firm hold and secure riding feel for the passenger

For a play-free, stable and permanently secure connection of our passenger seats for the BMW R 1300 GS, we have opted for the use of a one-piece base shell. Only the precisely fitting design with fixed positioning of the passenger seat ensures the secure fit our customers expect.

Recommendation

• We also offer a matching rider seat in Green-Gold (1310x-004) in standard, low, or high seat height

Technical Data

• 
Material / Cover Fabric

• With ThermoPro technology

• Optimal grip for secure and comfortable hold

• Alcantara piping, contrasting ""Cut"" stitching, sweat-resistant

• Bonded and welded seams for 100% waterproofing, processed with modern hot-air welding machines

• 
Seat Base Material

• High-strength base shell from our in-house mould

• 
Wunderlich Seat Core

• Proven ergonomic Wunderlich 3-D contour specifically designed for the passenger

• 
Seat Height

• Standard seat height

• 
Design / Colour

• Style Tramuntana Green-Gold

Your Wunderlich Advantages

• Wunderlich premium product. Small series. Handmade.

• Wunderlich design. Integrated and functional.

• Wunderlich. Riding 365.

• ERGO

• 
ThermoPro technology",52000,,2026-07-26,active,Wunderlich,4000,g,Wunderlich Passenger Seat Aktivkomfort for BMW R 1300 GS | Mil…,Wunderlich AKTIVKOMFORT Passenger Seat in Green-Gold to Match the Tramuntana for the BMW R 1300 GS AKTIVKOMFORT seat in Green-Gold to match the Tramuntana…,"AKTIVKOMFORT seat in Green-Gold to match the Tramuntana - Standard seat height for the passenger | A relaxed and active riding experience also enhances active safety for the passenger | Ergonomic, specially developed 3-D contour for the passenger to support the natural posture of the pelvis and a comfortable leg position while riding | Special core construction ensures comfort by preventing seat sagging",Cleaned noise; brand verified,High,false,Motorcycle Accessories > Seats,High,"Mapped from Shopify Type ""seat""",wunderlich-passenger-seat-aktivkomfort-for-bmw-r-1300-gs-1|Version:Queens-Edition - Standard|price:54000.00|compare:|weight:4000|barcode:|qty:0 | wunderlich-passenger-seat-aktivkomfort-for-bmw-r-1300-gs-2|Version:Standard|price:52000.00|compare:|weight:4000|barcode:|qty:0,"wunderlich-passenger-seat-aktivkomfort-for-bmw-r-1300-gs-1,wunderlich-passenger-seat-aktivkomfort-for-bmw-r-1300-gs-2",2,https://cdn.shopify.com/s/files/1/0076/8301/4754/files/13105-004_06b_1500_blank_jpg.jpg?v=1773824635|pos:1|alt:Wunderlich Wunderlich Passenger Seat Aktivkomfort for BMW R 1300 GS – front view || https://cdn.shopify.com/s/files/1/0076/8301/4754/files/13105-004_04b_1500_blank_jpg.jpg?v=1773824635|pos:2|alt:Wunderlich Wunderlich Passenger Seat Aktivkomfort for BMW R 1300 GS – side view || https://cdn.shopify.com/s/files/1/0076/8301/4754/files/13105-004_02b_1500_blank_jpg.jpg?v=1773824635|pos:3|alt:Wunderlich Wunderlich Passenger Seat Aktivkomfort for BMW R 1300 GS – rear view || https://cdn.shopify.com/s/files/1/0076/8301/4754/files/13105-004_01b_1500_blank_jpg.jpg?v=1773824634|pos:4|alt:Wunderlich Wunderlich Passenger Seat Aktivkomfort for BMW R 1300 GS – detail view,4,Wunderlich Wunderlich Passenger Seat Aktivkomfort for BMW R 1300 GS – front view | Wunderlich Wunderlich Passenger Seat Aktivkomfort for BMW R 1300 GS – side view | Wunderlich Wunderlich Passenger Seat Aktivkomfort for BMW R 1300 GS – rear view | Wunderlich Wunderlich Passenger Seat Aktivkomfort for BMW R 1300 GS – detail view,,0,Wunderlich Passenger Seat Aktivkomfort for BMW R 1300 GS,Wunderlich Passenger Seat Aktivkomfort for BMW R 1300 GS. Wunderlich AKTIVKOMFORT Passenger Seat in Green-Gold to Match the Tramuntana for the BMW R 1300 GS • AKTIVKOMFORT seat in Green-Gold to match the Tramuntana - Standard seat height for the passenger.,Special core construction ensures comfort by preventing seat sagging.,"Ergonomic, specially developed 3-D contour for the passenger to support the natural posture of the pelvis and a comfortable leg position while riding. Special core construction ensures comfort by preventing seat sagging.",AKTIVKOMFORT seat in Green-Gold to match the Tramuntana - Standard seat height for the passenger. A relaxed and active riding experience also enhances active safety for the passenger.,,,Wunderlich Passenger Seat Aktivkomfort for BMW R 1300 GS — a seat built to the specifications listed above.,true,draft,https://cdn.shopify.com/s/files/1/0076/8301/4754/files/13105-004_06b_1500_blank_jpg.jpg?v=1773824635|role:hero || https://cdn.shopify.com/s/files/1/0076/8301/4754/files/13105-004_04b_1500_blank_jpg.jpg?v=1773824635|role:construction detail || https://cdn.shopify.com/s/files/1/0076/8301/4754/files/13105-004_02b_1500_blank_jpg.jpg?v=1773824635|role:side profile,3,false,/products/wunderlich-passenger-seat-aktivkomfort-for-bmw-r-1300-gs,/products/wunderlich-passenger-seat-aktivkomfort-for-bmw-r-1300-gs
wunderlich-rider-seat-aktivkomfort-for-bmw-r-1300-gs,wunderlich-rider-seat-aktivkomfort-for-bmw-r-1300-gs,Wunderlich Rider Seat Aktivkomfort for BMW R 1300 GS,Wunderlich Rider Seat Aktivkomfort for BMW R 1300 GS,wunderlich-rider-seat-aktivkomfort-for-bmw-r-1300-gs,"Wunderlich AKTIVKOMFORT rider seat for the BMW R 1300 GS. With ThermoPro technology – Tramuntana Style in Green-Gold • AKTIVKOMFORT seat – seat height 20 mm lower. • Style coordinated with the R 1300 GS Tramuntana, featuring a green seat flank and gold-coloured piping. • Relaxed and active riding experience for enhanced passive safety. • Ergonomic, specially developed 3D contour for the rider, supporting the natural pelvic position and comfortable leg posture while riding and standing.","<h2 class=""product-detail-description-custom-font-size"">Wunderlich AKTIVKOMFORT rider seat for the BMW R 1300 GS. With<span> </span><strong><span>Thermo</span>Pro</strong><span> </span>technology – Tramuntana Style in Green-Gold</h2>
<p><strong>Function and product features</strong></p>
<ul>
<ul>
<li>AKTIVKOMFORT seat – seat height 20 mm lower</li>
<li>Style coordinated with the R 1300 GS Tramuntana, featuring a green seat flank and gold-coloured piping</li>
<li>Relaxed and active riding experience for enhanced passive safety</li>
<li>Ergonomic, specially developed 3D contour for the rider, supporting the natural pelvic position and comfortable leg posture while riding and standing</li>
<li>Special core structure ensures comfort, preventing the seat from sagging</li>
<li>Seat pressure is evenly distributed over a larger surface area, leading to noticeably improved weight distribution and reduced pressure points</li>
<li>Ergonomic foam shape relieves pressure on the coccyx</li>
<li>More comfort with<span> </span><strong><span>Thermo</span>Pro</strong><span> </span>coating – seat temperature remains up to 25°C lower in direct sunlight compared to conventional seat materials</li>
<li>Cover material with optimal grip</li>
<li>Elegant, highlighted ""Cut"" seams</li>
<li>Embroidered Wunderlich brand logo on the seat flank</li>
<li>Made in Germany</li>
<li>
<strong>Recommendation:</strong><span> </span>We offer a matching passenger seat #13105-004.</li>
</ul>
</ul>
<p><strong>Technical data</strong></p>
<ul>
<ul>
<li>
<strong>Material/cover fabric</strong>
<ul>
<li>With<span> </span><strong><span>Thermo</span>Pro</strong><span> </span>technology</li>
<li>Optimal grip for perfect support</li>
<li>Sweat-resistant cover material, combined with Alcantara piping and highlighted ""Cut"" seams</li>
<li>Bonded and welded seams for 100% waterproofing – processed on modern hot air welding machines</li>
</ul>
</li>
<li>
<strong>Seat pan material</strong>
<ul>
<li>High-strength seat base, designed in-house</li>
</ul>
</li>
<li>
<strong>Wunderlich seat core</strong>
<ul>
<li>Proven ergonomic Wunderlich 3D contour, specially designed for the rider</li>
</ul>
</li>
<li>
<strong>Seat height</strong>
<ul>
<li>Low
<ul>
<li>-20 mm seat height</li>
</ul>
</li>
</ul>
</li>
<li>
<strong>Design/Colour</strong>
<ul>
<li>Tramuntana Style Green-Gold</li>
</ul>
</li>
</ul>
</ul>
<p><strong>Your Wunderlich benefits</strong></p>
<ul>
<ul>
<li>Wunderlich premium product. Small series. Handmade.</li>
<li>Wunderlich design. Integrated and functional.</li>
<li>Wunderlich. Riding 365.</li>
<li>ERGO</li>
<li>
<strong><span>Thermo</span>Pro</strong><span> </span>technology</li>
<li>Test ride available at our company headquarters' test centre</li>
</ul>
</ul>","Wunderlich AKTIVKOMFORT rider seat for the BMW R 1300 GS. With ThermoPro technology – Tramuntana Style in Green-Gold

Function and product features

• AKTIVKOMFORT seat – seat height 20 mm lower

• Style coordinated with the R 1300 GS Tramuntana, featuring a green seat flank and gold-coloured piping

• Relaxed and active riding experience for enhanced passive safety

• Ergonomic, specially developed 3D contour for the rider, supporting the natural pelvic position and comfortable leg posture while riding and standing

• Special core structure ensures comfort, preventing the seat from sagging

• Seat pressure is evenly distributed over a larger surface area, leading to noticeably improved weight distribution and reduced pressure points

• Ergonomic foam shape relieves pressure on the coccyx

• More comfort with ThermoPro coating – seat temperature remains up to 25°C lower in direct sunlight compared to conventional seat materials

• Cover material with optimal grip

• Elegant, highlighted ""Cut"" seams

• Embroidered Wunderlich brand logo on the seat flank

• Made in Germany

• 
Recommendation: We offer a matching passenger seat #13105-004.

Technical data

• 
Material/cover fabric

• With ThermoPro technology

• Optimal grip for perfect support

• Sweat-resistant cover material, combined with Alcantara piping and highlighted ""Cut"" seams

• Bonded and welded seams for 100% waterproofing – processed on modern hot air welding machines

• 
Seat pan material

• High-strength seat base, designed in-house

• 
Wunderlich seat core

• Proven ergonomic Wunderlich 3D contour, specially designed for the rider

• 
Seat height

• Low

• -20 mm seat height

• 
Design/Colour

• Tramuntana Style Green-Gold

Your Wunderlich benefits

• Wunderlich premium product. Small series. Handmade.

• Wunderlich design. Integrated and functional.

• Wunderlich. Riding 365.

• ERGO

• 
ThermoPro technology

• Test ride available at our company headquarters' test centre",60000,,2026-07-26,active,Wunderlich,6000,g,Wunderlich Rider Seat Aktivkomfort for BMW R 1300 GS | Mile 27…,Wunderlich AKTIVKOMFORT rider seat for the BMW R 1300 GS. With ThermoPro technology – Tramuntana Style in Green-Gold AKTIVKOMFORT seat – seat height 20 mm…,"AKTIVKOMFORT seat – seat height 20 mm lower | Style coordinated with the R 1300 GS Tramuntana, featuring a green seat flank and gold-coloured piping | Relaxed and active riding experience for enhanced passive safety | Ergonomic, specially developed 3D contour for the rider, supporting the natural pelvic position and comfortable leg posture while riding and standing",Cleaned noise; brand verified,High,false,Motorcycle Accessories > Seats,High,"Mapped from Shopify Type ""seat""",wunderlich-rider-seat-aktivkomfort-for-bmw-r-1300-gs-1|Version:Standard|price:60000.00|compare:|weight:6000|barcode:|qty:0 | wunderlich-rider-seat-aktivkomfort-for-bmw-r-1300-gs-2|Version:Low|price:60000.00|compare:|weight:6000|barcode:|qty:0 | wunderlich-rider-seat-aktivkomfort-for-bmw-r-1300-gs-3|Version:High|price:60000.00|compare:|weight:6000|barcode:|qty:0,"wunderlich-rider-seat-aktivkomfort-for-bmw-r-1300-gs-1,wunderlich-rider-seat-aktivkomfort-for-bmw-r-1300-gs-2,wunderlich-rider-seat-aktivkomfort-for-bmw-r-1300-gs-3",3,https://cdn.shopify.com/s/files/1/0076/8301/4754/files/13101-004_06b_1500_blank_jpg.jpg?v=1773822871|pos:1|alt:Wunderlich Wunderlich Rider Seat Aktivkomfort for BMW R 1300 GS – front view || https://cdn.shopify.com/s/files/1/0076/8301/4754/files/13101-004_04b_1500_blank_jpg.jpg?v=1773822871|pos:2|alt:Wunderlich Wunderlich Rider Seat Aktivkomfort for BMW R 1300 GS – side view || https://cdn.shopify.com/s/files/1/0076/8301/4754/files/13101-004_02b_1500_blank_jpg.jpg?v=1773822871|pos:3|alt:Wunderlich Wunderlich Rider Seat Aktivkomfort for BMW R 1300 GS – rear view || https://cdn.shopify.com/s/files/1/0076/8301/4754/files/13101-004_01b_1500_blank_jpg.jpg?v=1773822871|pos:4|alt:Wunderlich Wunderlich Rider Seat Aktivkomfort for BMW R 1300 GS – detail view,4,Wunderlich Wunderlich Rider Seat Aktivkomfort for BMW R 1300 GS – front view | Wunderlich Wunderlich Rider Seat Aktivkomfort for BMW R 1300 GS – side view | Wunderlich Wunderlich Rider Seat Aktivkomfort for BMW R 1300 GS – rear view | Wunderlich Wunderlich Rider Seat Aktivkomfort for BMW R 1300 GS – detail view,,0,Wunderlich Rider Seat Aktivkomfort for BMW R 1300 GS,Wunderlich Rider Seat Aktivkomfort for BMW R 1300 GS. Wunderlich AKTIVKOMFORT rider seat for the BMW R 1300 GS.,,"Ergonomic, specially developed 3D contour for the rider, supporting the natural pelvic position and comfortable leg posture while riding and standing.","AKTIVKOMFORT seat – seat height 20 mm lower. Style coordinated with the R 1300 GS Tramuntana, featuring a green seat flank and gold-coloured piping. Relaxed and active riding experience for enhanced passive safety.",,,Wunderlich Rider Seat Aktivkomfort for BMW R 1300 GS — a seat built to the specifications listed above.,true,draft,https://cdn.shopify.com/s/files/1/0076/8301/4754/files/13101-004_06b_1500_blank_jpg.jpg?v=1773822871|role:hero || https://cdn.shopify.com/s/files/1/0076/8301/4754/files/13101-004_04b_1500_blank_jpg.jpg?v=1773822871|role:construction detail || https://cdn.shopify.com/s/files/1/0076/8301/4754/files/13101-004_02b_1500_blank_jpg.jpg?v=1773822871|role:side profile,3,false,/products/wunderlich-rider-seat-aktivkomfort-for-bmw-r-1300-gs,/products/wunderlich-rider-seat-aktivkomfort-for-bmw-r-1300-gs
